# Timestamp, Temperature, Pressure, Humidity, Battery voltage
2019-02-06T11:04:00Z,-2.38,898.76,28.19,4.07
2019-02-06T11:09:00Z,-2.59,899.14,28.15,4.07
2019-02-06T11:14:00Z,-2.88,898.18,28.19,4.07
2019-02-06T11:19:00Z,-3.13,897.59,28.15,4.07
2019-02-06T11:24:00Z,-3.23,897.48,28.11,4.07
2019-02-06T11:29:00Z,-3.22,896.19,28.12,4.07
2019-02-06T11:34:00Z,-3.31,896.06,28.17,4.07
2019-02-06T11:39:00Z,-3.33,895.99,28.06,4.07
2019-02-06T11:44:00Z,-3.37,895.88,28.11,4.07
2019-02-06T11:49:00Z,-3.39,895.86,28.18,4.07
2019-02-06T11:54:00Z,-3.45,895.93,28.05,4.07
2019-02-06T11:59:00Z,-3.44,896.32,28.07,4.07
2019-02-06T12:04:00Z,-3.43,896.60,28.11,4.07
2019-02-06T12:09:00Z,-3.50,897.57,28.12,4.07
2019-02-06T12:14:00Z,-3.52,897.39,28.08,4.07
2019-02-06T12:19:00Z,-3.60,896.32,28.13,4.07
2019-02-06T12:24:00Z,-3.57,895.08,28.13,4.07
2019-02-06T12:29:00Z,-3.49,893.49,28.11,4.07
2019-02-06T12:34:00Z,-3.81,891.94,28.00,4.07
2019-02-06T12:39:00Z,-4.10,891.91,28.08,4.07
2019-02-06T12:44:00Z,-4.27,891.57,28.03,4.07
2019-02-06T12:49:00Z,-4.39,890.41,27.88,4.07
2019-02-06T12:54:00Z,-4.74,892.48,27.83,4.07
2019-02-06T12:59:00Z,-5.04,892.74,27.75,4.07
2019-02-06T13:04:00Z,-5.28,893.30,27.74,4.07
2019-02-06T13:09:00Z,-5.57,892.87,27.65,4.07
2019-02-06T13:14:00Z,-5.66,892.04,27.66,4.07
2019-02-06T13:19:00Z,-5.73,890.70,27.68,4.07
2019-02-06T13:24:00Z,-5.83,889.81,27.70,4.07
2019-02-06T13:29:00Z,-5.91,889.18,27.72,4.07
2019-02-06T13:34:00Z,-6.00,888.14,27.66,4.07
2019-02-06T13:39:00Z,-6.12,887.17,27.64,4.07
2019-02-06T13:44:00Z,-6.22,887.14,27.64,4.07
2019-02-06T13:49:00Z,-6.41,886.38,27.57,4.07
2019-02-06T13:54:00Z,-6.56,885.56,27.57,4.07
2019-02-06T13:59:00Z,-6.76,884.87,27.51,4.07
2019-02-06T14:04:00Z,-6.93,884.92,27.52,4.07
2019-02-06T14:09:00Z,-7.00,884.34,27.53,4.07
2019-02-06T14:14:00Z,-7.03,883.78,27.49,4.07
2019-02-06T14:19:00Z,-7.07,883.63,27.49,4.07
2019-02-06T14:24:00Z,-7.11,883.66,27.50,4.07
2019-02-06T14:29:00Z,-7.15,884.49,27.50,4.07
2019-02-06T14:34:00Z,-7.21,884.81,27.50,4.07
2019-02-06T14:39:00Z,-7.26,884.59,27.52,4.07
2019-02-06T14:44:00Z,-7.16,884.66,27.44,4.07
2019-02-06T14:49:00Z,-6.93,884.60,27.21,4.07
2019-02-06T14:54:00Z,-6.79,884.49,27.09,4.07
2019-02-06T14:59:00Z,-6.68,884.53,27.02,4.07
2019-02-06T15:04:00Z,-6.59,884.44,27.14,4.07
2019-02-06T15:09:00Z,-6.56,884.45,27.26,4.07
2019-02-06T15:14:00Z,-6.57,884.42,27.36,4.07
2019-02-06T15:19:00Z,-6.57,884.31,27.46,4.07
2019-02-06T15:24:00Z,-6.49,884.35,27.39,4.07
2019-02-06T15:29:00Z,-6.47,884.26,27.30,4.07
2019-02-06T15:34:00Z,-6.51,884.38,27.27,4.07
2019-02-06T15:39:00Z,-6.70,884.27,27.37,4.07
2019-02-06T15:44:00Z,-6.90,884.11,27.46,4.07
2019-02-06T15:49:00Z,-7.09,884.04,27.50,4.07
2019-02-06T15:54:00Z,-7.27,884.02,27.50,4.07
2019-02-06T15:59:00Z,-7.43,883.94,27.49,4.07
2019-02-06T16:04:00Z,-7.57,883.79,27.50,4.07
2019-02-06T16:09:00Z,-7.71,883.70,27.50,4.07
2019-02-06T16:14:00Z,-7.83,883.52,27.49,4.07
2019-02-06T16:19:00Z,-7.96,883.51,27.46,4.07
2019-02-06T16:24:00Z,-8.11,883.50,27.45,4.07
2019-02-06T16:29:00Z,-8.25,883.47,27.47,4.07
2019-02-06T16:34:00Z,-8.40,883.57,27.50,4.07
2019-02-06T16:39:00Z,-8.50,883.60,27.53,4.07
2019-02-06T16:44:00Z,-8.55,883.59,27.55,4.07
2019-02-06T16:52:00Z,-8.55,883.39,27.66,4.07
2019-02-06T16:57:00Z,-8.60,883.34,27.71,4.07
2019-02-06T17:02:00Z,-8.62,883.40,27.75,4.07
2019-02-06T17:07:00Z,-8.66,883.47,27.77,4.07
2019-02-06T17:12:00Z,-8.72,883.48,27.75,4.07
2019-02-06T17:17:00Z,-8.74,883.70,27.81,4.06
2019-02-06T17:22:00Z,-8.77,883.73,27.79,4.06
2019-02-06T17:27:00Z,-8.76,883.64,27.82,4.06
2019-02-06T17:32:00Z,-8.76,883.60,27.78,4.06
2019-02-06T17:37:00Z,-8.76,883.51,27.79,4.07
2019-02-06T17:42:00Z,-8.79,883.39,27.75,4.07
2019-02-06T17:47:00Z,-8.88,883.18,27.72,4.06
2019-02-06T17:53:00Z,-8.93,883.11,27.72,4.06
2019-02-06T17:58:00Z,-9.08,883.14,27.68,4.06
2019-02-06T18:03:00Z,-9.13,883.07,27.81,4.06
2019-02-06T18:08:00Z,-9.12,882.92,27.83,4.06
2019-02-06T18:13:00Z,-9.21,882.88,27.76,4.06
2019-02-06T18:18:00Z,-9.37,882.89,27.76,4.06
2019-02-06T18:23:00Z,-9.40,882.92,27.83,4.06
2019-02-06T18:28:00Z,-9.40,882.79,27.84,4.06
2019-02-06T18:33:00Z,-9.48,882.77,27.75,4.06
2019-02-06T18:38:00Z,-9.66,882.68,27.67,4.06
2019-02-06T18:43:00Z,-9.81,882.67,27.68,4.06
2019-02-06T18:48:00Z,-9.93,882.51,27.66,4.06
2019-02-06T18:53:00Z,-10.03,882.61,27.68,4.06
2019-02-06T18:58:00Z,-9.97,882.62,27.79,4.06
2019-02-06T19:03:00Z,-9.89,882.47,27.77,4.06
2019-02-06T19:08:00Z,-9.85,882.50,27.75,4.06
2019-02-06T19:13:00Z,-9.85,882.50,27.74,4.06
2019-02-06T19:18:00Z,-9.87,882.50,27.71,4.06
2019-02-06T19:23:00Z,-9.92,882.49,27.67,4.06
2019-02-06T19:28:00Z,-9.97,882.40,27.66,4.06
2019-02-06T19:33:00Z,-10.01,882.27,27.67,4.06
2019-02-06T19:38:00Z,-10.05,882.22,27.67,4.06
2019-02-06T19:43:00Z,-10.09,882.24,27.66,4.06
2019-02-06T19:48:00Z,-10.14,882.19,27.66,4.06
2019-02-06T19:53:00Z,-10.19,882.12,27.63,4.06
2019-02-06T19:58:00Z,-10.24,882.27,27.65,4.06
2019-02-06T20:03:00Z,-10.26,882.23,27.68,4.06
2019-02-06T20:08:00Z,-10.27,882.25,27.70,4.06
2019-02-06T20:13:00Z,-10.27,882.25,27.73,4.06
2019-02-06T20:18:00Z,-10.31,882.29,27.69,4.06
2019-02-06T20:23:00Z,-10.37,882.29,27.66,4.05
2019-02-06T20:28:00Z,-10.41,882.34,27.65,4.05
2019-02-06T20:33:00Z,-10.50,882.27,27.54,4.05
2019-02-06T20:38:00Z,-10.70,882.21,27.32,4.05
2019-02-06T20:43:00Z,-11.12,882.20,27.00,4.05
2019-02-06T20:48:00Z,-11.63,882.18,26.98,4.05
2019-02-06T20:53:00Z,-11.98,882.05,27.00,4.05
2019-02-06T20:58:00Z,-12.25,882.04,27.02,4.05
2019-02-06T21:03:00Z,-12.43,882.05,27.04,4.05
2019-02-06T21:08:00Z,-12.56,881.99,27.06,4.05
2019-02-06T21:13:00Z,-12.62,881.94,27.10,4.05
2019-02-06T21:18:00Z,-12.62,881.99,27.18,4.05
2019-02-06T21:23:00Z,-12.61,882.01,27.20,4.05
2019-02-06T21:28:00Z,-12.61,881.95,27.21,4.05
2019-02-06T21:33:00Z,-12.60,881.90,27.21,4.05
2019-02-06T21:38:00Z,-12.54,881.98,27.30,4.05
2019-02-06T21:43:00Z,-12.47,881.97,27.31,4.05
2019-02-06T21:48:00Z,-12.43,882.02,27.27,4.05
2019-02-06T21:53:00Z,-12.44,881.95,27.21,4.05
2019-02-06T21:58:00Z,-12.43,881.90,27.29,4.05
2019-02-06T22:03:00Z,-12.36,881.88,27.33,4.05
2019-02-06T22:08:00Z,-12.30,881.94,27.35,4.05
2019-02-06T22:13:00Z,-12.23,881.90,27.42,4.05
2019-02-06T22:18:00Z,-12.11,881.85,27.50,4.05
2019-02-06T22:23:00Z,-12.04,881.86,27.50,4.05
2019-02-06T22:28:00Z,-12.00,881.80,27.48,4.05
2019-02-06T22:33:00Z,-11.97,881.67,27.51,4.05
2019-02-06T22:38:00Z,-11.89,881.61,27.57,4.05
2019-02-06T22:43:00Z,-11.83,881.73,27.52,4.05
2019-02-06T22:48:00Z,-11.79,881.63,27.53,4.05
2019-02-06T22:53:00Z,-11.72,881.55,27.60,4.05
2019-02-06T22:58:00Z,-11.66,881.57,27.59,4.05
2019-02-06T23:03:00Z,-11.58,881.51,27.64,4.05
2019-02-06T23:08:00Z,-11.45,881.57,27.77,4.05
2019-02-06T23:13:00Z,-11.29,881.59,27.79,4.05
2019-02-06T23:18:00Z,-11.15,881.43,27.83,4.05
2019-02-06T23:23:00Z,-11.04,881.47,27.87,4.05
2019-02-06T23:28:00Z,-10.91,881.49,27.93,4.05
2019-02-06T23:33:00Z,-10.78,881.61,27.97,4.05
2019-02-06T23:38:00Z,-10.55,881.74,28.10,4.05
2019-02-06T23:43:00Z,-10.33,881.61,28.15,4.05
2019-02-06T23:48:00Z,-10.15,881.52,28.11,4.05
2019-02-06T23:53:00Z,-9.96,881.57,28.15,4.05
2019-02-06T23:58:00Z,-9.87,881.45,28.10,4.05
2019-02-07T00:03:00Z,-9.85,881.46,28.06,4.05
2019-02-07T00:08:00Z,-9.83,881.45,28.08,4.05
2019-02-07T00:13:00Z,-9.80,881.35,28.10,4.05
2019-02-07T00:18:00Z,-9.78,881.35,28.11,4.05
2019-02-07T00:23:00Z,-9.82,881.30,28.05,4.05
2019-02-07T00:28:00Z,-9.91,881.31,27.94,4.05
2019-02-07T00:33:00Z,-10.04,881.29,27.90,4.05
2019-02-07T00:38:00Z,-10.14,881.32,27.90,4.05
2019-02-07T00:43:00Z,-10.18,881.37,27.98,4.05
2019-02-07T00:48:00Z,-10.22,881.30,27.99,4.05
2019-02-07T00:53:00Z,-10.27,881.31,27.97,4.05
2019-02-07T00:58:00Z,-10.29,881.36,28.01,4.05
2019-02-07T01:03:00Z,-10.28,881.38,28.04,4.05
2019-02-07T01:08:00Z,-10.31,881.38,28.03,4.05
2019-02-07T01:13:00Z,-10.29,881.26,28.06,4.05
2019-02-07T01:18:00Z,-10.29,881.21,28.04,4.05
2019-02-07T01:23:00Z,-10.27,881.20,28.05,4.05
2019-02-07T01:28:00Z,-10.22,881.20,28.11,4.05
2019-02-07T01:33:00Z,-10.15,881.14,28.15,4.05
2019-02-07T01:38:00Z,-10.11,881.17,28.11,4.05
2019-02-07T01:43:00Z,-10.11,881.16,28.09,4.05
2019-02-07T01:48:00Z,-10.18,881.23,27.98,4.05
2019-02-07T01:53:00Z,-10.30,881.40,27.96,4.05
2019-02-07T01:58:00Z,-10.38,881.37,27.98,4.05
2019-02-07T02:03:00Z,-10.48,881.32,27.91,4.05
2019-02-07T02:08:00Z,-10.64,881.23,27.81,4.05
2019-02-07T02:13:00Z,-10.67,881.17,28.03,4.05
2019-02-07T02:18:00Z,-10.52,881.18,28.26,4.05
2019-02-07T02:23:00Z,-10.28,881.18,28.42,4.05
2019-02-07T02:28:00Z,-10.09,881.24,28.40,4.05
2019-02-07T02:33:00Z,-10.01,881.28,28.32,4.05
2019-02-07T02:38:00Z,-9.98,881.22,28.30,4.05
2019-02-07T02:43:00Z,-9.97,881.23,28.28,4.05
2019-02-07T02:48:00Z,-10.01,881.34,28.21,4.05
2019-02-07T02:53:00Z,-10.11,881.19,28.08,4.05
2019-02-07T02:58:00Z,-10.27,881.27,27.97,4.04
2019-02-07T03:03:00Z,-10.46,881.25,27.88,4.04
2019-02-07T03:08:00Z,-10.69,881.20,27.80,4.04
2019-02-07T03:13:00Z,-10.85,881.22,27.88,4.04
2019-02-07T03:18:00Z,-10.82,881.15,28.08,4.04
2019-02-07T03:23:00Z,-10.72,881.05,28.18,4.04
2019-02-07T03:28:00Z,-10.65,881.05,28.13,4.04
2019-02-07T03:33:00Z,-10.57,881.00,28.21,4.04
2019-02-07T03:38:00Z,-10.49,880.91,28.22,4.04
2019-02-07T03:43:00Z,-10.40,880.74,28.27,4.04
2019-02-07T03:48:00Z,-10.28,880.86,28.32,4.04
2019-02-07T03:53:00Z,-10.18,880.87,28.33,4.04
2019-02-07T03:58:00Z,-10.07,880.99,28.36,4.04
2019-02-07T04:03:00Z,-9.90,881.09,28.46,4.04
2019-02-07T04:08:00Z,-9.73,880.88,28.52,4.04
2019-02-07T04:13:00Z,-9.58,880.78,28.52,4.04
2019-02-07T04:18:00Z,-9.45,880.64,28.56,4.04
2019-02-07T04:23:00Z,-9.35,880.53,28.54,4.04
2019-02-07T04:28:00Z,-9.27,880.29,28.53,4.04
2019-02-07T04:33:00Z,-9.20,880.24,28.54,4.04
2019-02-07T04:38:00Z,-9.11,880.30,28.65,4.04
2019-02-07T04:43:00Z,-8.97,880.78,28.69,4.04
2019-02-07T04:48:00Z,-8.87,880.97,28.69,4.04
2019-02-07T04:53:00Z,-8.86,880.98,28.60,4.04
2019-02-07T04:58:00Z,-8.86,880.97,28.64,4.04
2019-02-07T05:03:00Z,-8.81,881.16,28.66,4.04
2019-02-07T05:08:00Z,-8.83,881.11,28.54,4.04
2019-02-07T05:13:00Z,-8.93,881.11,28.49,4.04
2019-02-07T05:18:00Z,-8.97,881.16,28.59,4.04
2019-02-07T05:23:00Z,-8.95,881.26,28.63,4.04
2019-02-07T05:28:00Z,-8.92,881.44,28.68,4.04
2019-02-07T05:33:00Z,-8.89,881.67,28.64,4.04
2019-02-07T05:38:00Z,-8.93,881.70,28.62,4.04
2019-02-07T05:43:00Z,-8.96,881.71,28.61,4.04
2019-02-07T05:48:00Z,-9.02,881.62,28.53,4.04
2019-02-07T05:53:00Z,-9.12,881.42,28.52,4.04
2019-02-07T05:58:00Z,-9.11,881.18,28.65,4.04
2019-02-07T06:03:00Z,-8.92,881.09,28.89,4.04
2019-02-07T06:08:00Z,-8.76,881.14,28.85,4.04
2019-02-07T06:13:00Z,-8.71,880.95,28.78,4.04
2019-02-07T06:18:00Z,-8.70,880.89,28.73,4.04
2019-02-07T06:23:00Z,-8.79,880.77,28.63,4.04
2019-02-07T06:28:00Z,-8.97,880.74,28.49,4.04
2019-02-07T06:33:00Z,-9.22,880.65,28.29,4.04
2019-02-07T06:38:00Z,-9.59,880.57,28.16,4.04
2019-02-07T06:43:00Z,-9.89,880.60,28.16,4.04
2019-02-07T06:48:00Z,-10.11,880.75,28.17,4.04
2019-02-07T06:53:00Z,-10.31,880.66,28.15,4.03
2019-02-07T06:58:00Z,-10.50,880.62,28.09,4.03
2019-02-07T07:03:00Z,-10.71,880.72,28.01,4.03
2019-02-07T07:08:00Z,-10.94,880.92,27.88,4.03
2019-02-07T07:13:00Z,-11.24,880.96,27.80,4.03
2019-02-07T07:18:00Z,-11.44,880.91,27.90,4.03
2019-02-07T07:23:00Z,-11.60,880.90,27.83,4.03
2019-02-07T07:28:00Z,-11.84,880.98,27.67,4.03
2019-02-07T07:33:00Z,-12.17,881.03,27.54,4.03
2019-02-07T07:38:00Z,-12.48,881.04,27.48,4.03
2019-02-07T07:43:00Z,-12.70,881.17,27.50,4.03
2019-02-07T07:48:00Z,-12.89,881.40,27.43,4.03
2019-02-07T07:53:00Z,-13.05,881.56,27.46,4.03
2019-02-07T07:59:00Z,-12.95,881.57,27.48,4.03
2019-02-07T08:04:00Z,-13.47,881.55,27.15,4.03
2019-02-07T08:09:00Z,-13.73,881.52,27.70,4.03
2019-02-07T08:14:00Z,-13.29,881.53,28.04,4.03
2019-02-07T08:19:00Z,-12.80,881.52,28.22,4.03
2019-02-07T08:24:00Z,-12.35,881.50,28.31,4.03
2019-02-07T08:29:00Z,-12.00,881.47,28.36,4.03
2019-02-07T08:34:00Z,-11.74,881.36,27.95,4.03
2019-02-07T08:39:00Z,-11.31,881.29,28.09,4.03
2019-02-07T08:44:00Z,-10.51,881.22,28.82,4.03
2019-02-07T08:49:00Z,-9.60,881.23,29.04,4.03
2019-02-07T08:54:00Z,-8.92,881.22,29.07,4.03
2019-02-07T08:59:00Z,-8.37,881.16,29.10,4.03
2019-02-07T09:04:00Z,-7.96,881.25,29.22,4.03
2019-02-07T09:09:00Z,-7.94,881.15,29.09,4.03
2019-02-07T09:14:00Z,-8.22,881.01,29.02,4.03
2019-02-07T09:19:00Z,-8.54,880.91,28.99,4.03
2019-02-07T09:24:00Z,-8.18,880.88,28.64,4.03
2019-02-07T09:29:00Z,-7.94,880.74,28.62,4.03
2019-02-07T09:36:00Z,-7.86,880.67,29.34,4.03
2019-02-07T09:41:00Z,-7.35,880.55,29.67,4.03
2019-02-07T09:46:00Z,-6.75,880.58,29.58,4.03
2019-02-07T09:51:00Z,-6.46,880.55,29.37,4.03
2019-02-07T09:56:00Z,-6.55,880.59,29.32,4.03
2019-02-07T10:01:00Z,-6.18,881.15,29.10,4.03
2019-02-07T10:06:00Z,-5.78,881.26,28.83,4.03
2019-02-07T10:11:00Z,-5.42,881.04,28.82,4.03
2019-02-07T10:16:00Z,-4.98,880.23,28.94,4.03
2019-02-07T10:21:00Z,-4.57,879.92,28.85,4.03
2019-02-07T10:26:00Z,-4.32,879.86,28.76,4.03
2019-02-07T10:31:00Z,-4.18,879.93,28.72,4.03
2019-02-07T10:36:00Z,-4.04,881.54,28.77,4.03
2019-02-07T10:41:00Z,-4.00,882.43,28.83,4.03
2019-02-07T10:46:00Z,-3.92,882.90,28.94,4.03
2019-02-07T10:51:00Z,-3.83,882.81,29.15,4.03
2019-02-07T10:56:00Z,-3.62,882.81,29.15,4.03
2019-02-07T11:01:00Z,-3.40,883.01,28.93,4.03
2019-02-07T11:06:00Z,-3.40,883.40,29.01,4.03
2019-02-07T11:11:00Z,-3.35,883.39,28.99,4.03
2019-02-07T11:16:00Z,-3.30,883.56,29.05,4.03
2019-02-07T11:21:00Z,-3.26,883.94,29.09,4.03
2019-02-07T11:26:00Z,-3.33,884.34,28.99,4.03
2019-02-07T11:31:00Z,-3.70,884.36,29.12,4.03
2019-02-07T11:36:00Z,-3.79,885.38,29.12,4.03
2019-02-07T11:41:00Z,-3.94,885.42,29.06,4.03
2019-02-07T11:46:00Z,-4.11,884.87,29.00,4.03
2019-02-07T11:51:00Z,-4.31,884.82,29.02,4.03
2019-02-07T11:56:00Z,-4.37,884.69,29.02,4.03
2019-02-07T12:01:00Z,-4.46,884.56,29.01,4.03
2019-02-07T12:06:00Z,-4.48,884.55,29.06,4.03
2019-02-07T12:11:00Z,-4.45,884.51,29.08,4.03
2019-02-07T12:16:00Z,-4.42,884.96,29.18,4.03
2019-02-07T12:21:00Z,-4.42,884.99,29.17,4.03
2019-02-07T12:26:00Z,-4.56,884.93,29.26,4.03
2019-02-07T12:31:00Z,-4.54,884.92,29.36,4.03
2019-02-07T12:36:00Z,-4.59,884.89,29.36,4.03
2019-02-07T12:41:00Z,-4.84,884.91,29.88,4.03
2019-02-07T12:46:00Z,-4.90,884.86,29.94,4.03
2019-02-07T12:51:00Z,-4.95,884.80,29.92,4.03
2019-02-07T12:56:00Z,-4.97,884.83,29.87,4.03
2019-02-07T13:01:00Z,-5.01,884.75,29.89,4.03
2019-02-07T13:06:00Z,-4.94,884.55,30.01,4.03
2019-02-07T13:11:00Z,-4.84,884.46,30.05,4.03
2019-02-07T13:16:00Z,-4.84,884.28,29.99,4.03
2019-02-07T13:21:00Z,-4.90,883.88,29.98,4.03
2019-02-07T13:26:00Z,-5.02,883.15,29.92,4.03
2019-02-07T13:31:00Z,-5.23,883.07,29.91,4.03
2019-02-07T13:36:00Z,-5.46,881.96,29.89,4.03
2019-02-07T13:41:00Z,-5.65,882.43,29.93,4.03
2019-02-07T13:46:00Z,-5.85,882.37,29.92,4.03
2019-02-07T13:51:00Z,-6.03,881.92,29.91,4.03
2019-02-07T13:56:00Z,-6.22,881.95,29.95,4.03
2019-02-07T14:01:00Z,-6.36,881.82,29.97,4.03
2019-02-07T14:06:00Z,-6.41,881.11,29.97,4.03
2019-02-07T14:11:00Z,-6.51,880.37,29.85,4.03
2019-02-07T14:16:00Z,-6.70,880.32,29.76,4.03
2019-02-07T14:21:00Z,-6.92,880.77,29.76,4.03
2019-02-07T14:26:00Z,-7.13,880.10,29.79,4.03
2019-02-07T14:31:00Z,-7.31,879.01,29.83,4.03
2019-02-07T14:36:00Z,-7.47,877.90,29.86,4.03
2019-02-07T14:41:00Z,-7.60,877.46,29.91,4.03
2019-02-07T14:46:00Z,-7.71,876.42,29.96,4.03
2019-02-07T14:51:00Z,-7.80,875.51,29.95,4.03
2019-02-07T14:56:00Z,-7.89,875.08,29.97,4.03
2019-02-07T15:01:00Z,-7.93,875.08,30.02,4.03
2019-02-07T15:06:00Z,-7.95,873.53,30.03,4.03
2019-02-07T15:11:00Z,-7.97,872.74,30.06,4.03
2019-02-07T15:16:00Z,-7.97,871.94,30.11,4.03
2019-02-07T15:21:00Z,-7.92,871.99,30.16,4.02
2019-02-07T15:26:00Z,-7.83,871.81,30.18,4.02
2019-02-07T15:31:00Z,-7.70,869.70,30.20,4.03
2019-02-07T15:36:00Z,-7.59,868.11,30.21,4.03
2019-02-07T15:41:00Z,-7.52,867.08,30.20,4.02
2019-02-07T15:46:00Z,-7.46,865.61,30.18,4.03
2019-02-07T15:51:00Z,-7.44,864.77,30.20,4.02
2019-02-07T15:56:00Z,-7.40,863.63,30.19,4.03
2019-02-07T16:01:00Z,-7.39,862.24,30.19,4.02
2019-02-07T16:06:00Z,-7.38,862.11,30.21,4.03
2019-02-07T16:11:00Z,-7.32,862.10,30.25,4.03
2019-02-07T16:16:00Z,-7.33,861.97,30.26,4.02
2019-02-07T16:21:00Z,-7.34,861.86,30.26,4.02
2019-02-07T16:26:00Z,-7.37,861.83,30.30,4.02
2019-02-07T16:31:00Z,-7.37,861.70,30.32,4.02
2019-02-07T16:36:00Z,-7.38,861.54,30.31,4.02
2019-02-07T16:41:00Z,-7.39,861.49,30.31,4.02
2019-02-07T16:46:00Z,-7.40,861.43,30.31,4.02
2019-02-07T16:51:00Z,-7.40,861.42,30.32,4.02
2019-02-07T16:56:00Z,-7.39,861.28,30.33,4.02
2019-02-07T17:01:00Z,-7.37,861.17,30.33,4.02
2019-02-07T17:06:00Z,-7.34,861.05,30.36,4.02
2019-02-07T17:11:00Z,-7.32,860.89,30.36,4.02
2019-02-07T17:16:00Z,-7.29,860.83,30.38,4.02
2019-02-07T17:21:00Z,-7.28,860.83,30.40,4.02
2019-02-07T17:26:00Z,-7.28,860.82,30.38,4.02
2019-02-07T17:31:00Z,-7.30,860.75,30.41,4.02
2019-02-07T17:36:00Z,-7.30,860.74,30.42,4.02
2019-02-07T17:41:00Z,-7.31,860.79,30.43,4.02
2019-02-07T17:46:00Z,-7.31,860.75,30.43,4.02
2019-02-07T17:51:00Z,-7.31,860.62,30.44,4.02
2019-02-07T17:56:00Z,-7.32,860.55,30.45,4.02
2019-02-07T18:01:00Z,-7.32,860.48,30.44,4.02
2019-02-07T18:06:00Z,-7.35,860.40,30.45,4.02
2019-02-07T18:11:00Z,-7.42,860.38,30.43,4.02
2019-02-07T18:16:00Z,-7.49,860.33,30.44,4.02
2019-02-07T18:21:00Z,-7.56,860.22,30.46,4.02
2019-02-07T18:26:00Z,-7.62,860.08,30.44,4.02
2019-02-07T18:31:00Z,-7.66,859.98,30.45,4.02
2019-02-07T18:36:00Z,-7.69,859.91,30.44,4.02
2019-02-07T18:41:00Z,-7.72,859.88,30.43,4.02
2019-02-07T18:46:00Z,-7.76,859.79,30.45,4.02
2019-02-07T18:51:00Z,-7.80,859.72,30.43,4.02
2019-02-07T18:56:00Z,-7.83,859.69,30.42,4.02
2019-02-07T19:01:00Z,-7.88,859.58,30.41,4.02
2019-02-07T19:06:00Z,-7.93,859.54,30.42,4.02
2019-02-07T19:11:00Z,-7.97,859.42,30.42,4.02
2019-02-07T19:16:00Z,-8.03,859.30,30.41,4.02
2019-02-07T19:21:00Z,-8.06,859.33,30.42,4.02
2019-02-07T19:26:00Z,-8.09,859.34,30.41,4.02
2019-02-07T19:31:00Z,-8.12,859.37,30.40,4.02
2019-02-07T19:36:00Z,-8.15,859.32,30.40,4.02
2019-02-07T19:41:00Z,-8.17,859.29,30.39,4.02
2019-02-07T19:46:00Z,-8.19,859.24,30.41,4.02
2019-02-07T19:51:00Z,-8.21,859.17,30.40,4.02
2019-02-07T19:56:00Z,-8.22,859.07,30.39,4.02
2019-02-07T20:01:00Z,-8.23,859.00,30.39,4.02
2019-02-07T20:06:00Z,-8.24,858.88,30.37,4.02
2019-02-07T20:11:00Z,-8.24,858.79,30.37,4.02
2019-02-07T20:16:00Z,-8.24,858.72,30.40,4.02
2019-02-07T20:21:00Z,-8.22,858.70,30.39,4.02
2019-02-07T20:26:00Z,-8.22,858.66,30.38,4.02
2019-02-07T20:31:00Z,-8.21,858.58,30.38,4.02
2019-02-07T20:36:00Z,-8.20,858.51,30.38,4.02
2019-02-07T20:41:00Z,-8.19,858.42,30.38,4.02
2019-02-07T20:46:00Z,-8.18,858.43,30.40,4.02
2019-02-07T20:51:00Z,-8.17,858.33,30.40,4.02
2019-02-07T20:56:00Z,-8.17,858.28,30.40,4.02
2019-02-07T21:01:00Z,-8.16,858.23,30.41,4.02
2019-02-07T21:06:00Z,-8.15,858.24,30.43,4.02
2019-02-07T21:11:00Z,-8.15,858.15,30.41,4.02
2019-02-07T21:16:00Z,-8.13,858.05,30.43,4.02
2019-02-07T21:21:00Z,-8.13,857.90,30.45,4.02
2019-02-07T21:26:00Z,-8.12,857.75,30.46,4.02
2019-02-07T21:31:00Z,-8.11,857.67,30.45,4.02
2019-02-07T21:36:00Z,-8.11,857.58,30.46,4.02
2019-02-07T21:41:00Z,-8.10,857.51,30.47,4.02
2019-02-07T21:46:00Z,-8.09,857.41,30.47,4.02
2019-02-07T21:51:00Z,-8.08,857.32,30.47,4.02
2019-02-07T21:56:00Z,-8.08,857.33,30.47,4.02
2019-02-07T22:01:00Z,-8.08,857.25,30.47,4.02
2019-02-07T22:06:00Z,-8.08,857.15,30.48,4.02
2019-02-07T22:11:00Z,-8.08,857.00,30.48,4.02
2019-02-07T22:16:00Z,-8.08,856.89,30.49,4.02
2019-02-07T22:21:00Z,-8.07,856.85,30.50,4.02
2019-02-07T22:26:00Z,-8.06,856.71,30.51,4.02
2019-02-07T22:31:00Z,-8.05,856.62,30.52,4.02
2019-02-07T22:36:00Z,-8.04,856.64,30.54,4.02
2019-02-07T22:41:00Z,-8.03,856.58,30.54,4.02
2019-02-07T22:46:00Z,-8.01,856.51,30.55,4.02
2019-02-07T22:51:00Z,-7.99,856.47,30.55,4.02
2019-02-07T22:56:00Z,-7.98,856.35,30.56,4.02
2019-02-07T23:01:00Z,-7.97,856.26,30.56,4.02
2019-02-07T23:06:00Z,-7.97,856.15,30.57,4.02
2019-02-07T23:11:00Z,-7.96,856.09,30.58,4.02
2019-02-07T23:16:00Z,-7.95,855.99,30.57,4.02
2019-02-07T23:21:00Z,-7.93,855.94,30.60,4.02
2019-02-07T23:26:00Z,-7.93,855.88,30.60,4.02
2019-02-07T23:31:00Z,-7.92,855.84,30.61,4.02
2019-02-07T23:36:00Z,-7.92,855.83,30.62,4.02
2019-02-07T23:41:00Z,-7.91,855.80,30.61,4.02
2019-02-07T23:46:00Z,-7.90,855.79,30.63,4.02
2019-02-07T23:51:00Z,-7.88,855.85,30.64,4.02
2019-02-07T23:56:00Z,-7.87,855.80,30.64,4.02
2019-02-08T00:01:00Z,-7.85,855.77,30.66,4.01
2019-02-08T00:06:00Z,-7.83,855.70,30.69,4.02
2019-02-08T00:11:00Z,-7.81,855.69,30.70,4.02
2019-02-08T00:16:00Z,-7.79,855.61,30.71,4.02
2019-02-08T00:21:00Z,-7.77,855.53,30.71,4.02
2019-02-08T00:26:00Z,-7.75,855.40,30.73,4.02
2019-02-08T00:31:00Z,-7.72,855.32,30.74,4.02
2019-02-08T00:36:00Z,-7.70,855.25,30.78,4.02
2019-02-08T00:41:00Z,-7.68,855.20,30.78,4.02
2019-02-08T00:46:00Z,-7.67,855.14,30.78,4.02
2019-02-08T00:51:00Z,-7.66,855.07,30.81,4.02
2019-02-08T00:56:00Z,-7.65,855.07,30.82,4.01
2019-02-08T01:01:00Z,-7.65,855.01,30.82,4.01
2019-02-08T01:06:00Z,-7.63,854.97,30.84,4.01
2019-02-08T01:11:00Z,-7.62,854.93,30.85,4.01
2019-02-08T01:16:00Z,-7.61,854.87,30.85,4.01
2019-02-08T01:21:00Z,-7.61,854.75,30.86,4.01
2019-02-08T01:26:00Z,-7.59,854.65,30.90,4.01
2019-02-08T01:31:00Z,-7.57,854.57,30.91,4.01
2019-02-08T01:36:00Z,-7.56,854.52,30.90,4.01
2019-02-08T01:41:00Z,-7.54,854.46,30.91,4.01
2019-02-08T01:46:00Z,-7.52,854.46,30.91,4.01
2019-02-08T01:51:00Z,-7.51,854.49,30.92,4.01
2019-02-08T01:56:00Z,-7.49,854.33,30.93,4.01
2019-02-08T02:01:00Z,-7.48,854.39,30.94,4.01
2019-02-08T02:06:00Z,-7.47,854.31,30.95,4.01
2019-02-08T02:11:00Z,-7.47,854.35,30.93,4.01
2019-02-08T02:16:00Z,-7.48,854.40,30.92,4.01
2019-02-08T02:21:00Z,-7.50,854.46,30.93,4.01
2019-02-08T02:26:00Z,-7.51,854.48,30.91,4.01
2019-02-08T02:31:00Z,-7.52,854.43,30.91,4.01
2019-02-08T02:36:00Z,-7.53,854.39,30.91,4.01
2019-02-08T02:41:00Z,-7.54,854.38,30.91,4.01
2019-02-08T02:46:00Z,-7.54,854.31,30.90,4.01
2019-02-08T02:51:00Z,-7.55,854.28,30.91,4.01
2019-02-08T02:56:00Z,-7.56,854.15,30.92,4.01
2019-02-08T03:01:00Z,-7.57,854.18,30.92,4.01
2019-02-08T03:06:00Z,-7.57,854.19,30.95,4.01
2019-02-08T03:11:00Z,-7.57,854.15,30.95,4.01
2019-02-08T03:16:00Z,-7.57,854.09,30.95,4.01
2019-02-08T03:21:00Z,-7.57,854.11,30.97,4.01
2019-02-08T03:26:00Z,-7.58,854.14,30.97,4.01
2019-02-08T03:31:00Z,-7.58,854.08,31.01,4.01
2019-02-08T03:36:00Z,-7.58,854.09,31.01,4.01
2019-02-08T03:41:00Z,-7.58,854.03,31.01,4.01
2019-02-08T03:46:00Z,-7.59,853.97,31.03,4.01
2019-02-08T03:51:00Z,-7.60,853.94,31.05,4.01
2019-02-08T03:56:00Z,-7.60,853.94,31.05,4.01
2019-02-08T04:01:00Z,-7.61,853.91,31.07,4.01
2019-02-08T04:06:00Z,-7.62,853.91,31.08,4.01
2019-02-08T04:11:00Z,-7.64,853.93,31.11,4.01
2019-02-08T04:16:00Z,-7.65,853.92,31.11,4.01
2019-02-08T04:21:00Z,-7.64,854.00,31.12,4.01
2019-02-08T04:26:00Z,-7.60,853.98,31.17,4.01
2019-02-08T04:31:00Z,-7.57,853.92,31.16,4.01
2019-02-08T04:36:00Z,-7.56,853.94,31.18,4.01
2019-02-08T04:41:00Z,-7.54,853.98,31.16,4.01
2019-02-08T04:46:00Z,-7.56,854.00,31.15,4.01
2019-02-08T04:51:00Z,-7.59,853.91,31.13,4.01
2019-02-08T04:56:00Z,-7.65,853.93,31.12,4.01
2019-02-08T05:01:00Z,-7.72,853.94,31.08,4.01
2019-02-08T05:06:00Z,-7.82,853.97,31.03,4.01
2019-02-08T05:11:00Z,-7.93,853.93,31.01,4.01
2019-02-08T05:16:00Z,-8.08,853.95,30.99,4.01
2019-02-08T05:21:00Z,-8.20,853.98,30.96,4.00
2019-02-08T05:26:00Z,-8.34,853.99,30.92,4.00
2019-02-08T05:31:00Z,-8.47,853.97,30.95,4.00
2019-02-08T05:36:00Z,-8.55,854.03,30.97,4.00
2019-02-08T05:41:00Z,-8.60,854.00,31.01,4.00
2019-02-08T05:46:00Z,-8.63,854.08,31.04,4.00
2019-02-08T05:51:00Z,-8.64,854.17,31.04,4.00
2019-02-08T05:56:00Z,-8.64,854.24,31.06,4.00
2019-02-08T06:01:00Z,-8.64,854.21,31.05,4.00
2019-02-08T06:06:00Z,-8.63,854.26,31.07,4.00
2019-02-08T06:11:00Z,-8.62,854.27,31.06,4.00
2019-02-08T06:16:00Z,-8.61,854.32,31.07,4.00
2019-02-08T06:21:00Z,-8.60,854.39,31.08,4.00
2019-02-08T06:26:00Z,-8.61,854.47,31.07,4.00
2019-02-08T06:31:00Z,-8.64,854.51,31.06,4.00
2019-02-08T06:36:00Z,-8.68,854.59,31.08,4.00
2019-02-08T06:41:00Z,-8.71,854.59,31.08,4.00
2019-02-08T06:46:00Z,-8.76,854.66,31.07,4.00
2019-02-08T06:51:00Z,-8.81,854.75,31.06,4.00
2019-02-08T06:56:00Z,-8.86,854.74,31.06,4.00
2019-02-08T07:01:00Z,-8.90,854.73,31.06,4.00
2019-02-08T07:06:00Z,-8.95,854.77,31.07,4.00
2019-02-08T07:11:00Z,-8.99,854.71,31.06,4.00
2019-02-08T07:16:00Z,-9.04,854.68,31.06,4.00
2019-02-08T07:21:00Z,-9.07,854.70,31.06,4.00
2019-02-08T07:26:00Z,-9.11,854.85,31.03,4.00
2019-02-08T07:31:00Z,-9.16,855.04,31.01,4.00
2019-02-08T07:36:00Z,-9.22,855.08,30.99,4.00
2019-02-08T07:41:00Z,-9.27,855.11,31.01,4.00
2019-02-08T07:46:00Z,-9.31,855.11,31.00,4.00
2019-02-08T07:51:00Z,-9.33,855.17,30.99,4.00
2019-02-08T07:56:00Z,-9.34,855.17,30.98,4.00
2019-02-08T08:01:00Z,-9.33,855.19,30.99,4.00
2019-02-08T08:06:00Z,-9.27,855.21,31.00,4.00
2019-02-08T08:11:00Z,-9.22,855.32,31.03,4.00
2019-02-08T08:16:00Z,-9.17,855.48,31.03,4.00
2019-02-08T08:21:00Z,-9.13,855.45,31.04,4.00
2019-02-08T08:26:00Z,-9.05,855.46,31.08,4.00
2019-02-08T08:31:00Z,-8.93,855.46,30.90,4.00
2019-02-08T08:36:00Z,-8.96,855.59,30.76,4.00
2019-02-08T08:41:00Z,-9.02,855.65,30.70,4.00
2019-02-08T08:46:00Z,-9.04,855.61,30.78,4.00
2019-02-08T08:51:00Z,-9.00,855.64,30.81,4.00
2019-02-08T08:56:00Z,-8.96,855.77,30.89,4.00
2019-02-08T09:01:00Z,-8.98,855.80,30.82,4.00
2019-02-08T09:06:00Z,-9.01,855.86,30.86,4.00
2019-02-08T09:11:00Z,-8.99,855.86,30.97,4.00
2019-02-08T09:16:00Z,-8.98,855.88,30.91,4.00
2019-02-08T09:21:00Z,-8.91,855.95,31.12,4.00
2019-02-08T09:26:00Z,-8.71,855.96,31.32,4.00
2019-02-08T09:31:00Z,-8.54,856.07,31.19,4.00
2019-02-08T09:36:00Z,-8.55,856.13,31.13,4.00
2019-02-08T09:41:00Z,-8.58,856.17,31.09,4.00
2019-02-08T09:46:00Z,-8.60,856.25,31.14,4.00
2019-02-08T09:51:00Z,-8.60,856.36,31.15,4.00
2019-02-08T09:56:00Z,-8.39,856.38,31.46,4.00
2019-02-08T10:01:00Z,-7.85,856.39,31.60,4.00
2019-02-08T10:06:00Z,-7.24,860.64,31.63,4.00
2019-02-08T10:11:00Z,-6.67,866.02,31.69,4.00
2019-02-08T10:16:00Z,-6.15,866.79,31.95,4.00
2019-02-08T10:21:00Z,-5.68,869.77,32.19,4.00
2019-02-08T10:26:00Z,-5.30,872.38,32.18,4.00
2019-02-08T10:31:00Z,-5.01,874.35,32.05,4.00
2019-02-08T10:36:00Z,-4.81,873.50,32.32,4.00
2019-02-08T10:41:00Z,-4.54,874.66,32.50,4.00
2019-02-08T10:46:00Z,-4.33,874.37,32.45,4.00
2019-02-08T10:51:00Z,-4.37,874.55,32.27,4.00
2019-02-08T10:56:00Z,-4.40,874.94,31.91,4.00
2019-02-08T11:01:00Z,-4.66,875.24,31.53,4.00
2019-02-08T11:06:00Z,-4.64,876.11,31.75,4.00
2019-02-08T11:11:00Z,-4.47,877.10,31.95,4.00
2019-02-08T11:16:00Z,-4.39,877.25,32.06,4.00
2019-02-08T11:21:00Z,-4.32,877.25,32.33,4.00
2019-02-08T11:26:00Z,-4.25,877.39,32.34,4.00
2019-02-08T11:31:00Z,-4.21,877.35,32.39,4.00
2019-02-08T11:36:00Z,-4.17,877.39,32.28,4.00
2019-02-08T11:41:00Z,-4.21,877.33,31.91,4.00
2019-02-08T11:46:00Z,-4.62,877.01,31.41,4.00
2019-02-08T11:51:00Z,-4.76,877.06,31.84,4.00
2019-02-08T11:56:00Z,-4.66,877.05,31.83,4.00
2019-02-08T12:01:00Z,-4.61,877.39,31.80,4.00
2019-02-08T12:06:00Z,-4.70,877.46,31.62,4.00
2019-02-08T12:11:00Z,-4.80,876.32,31.46,4.00
2019-02-08T12:16:00Z,-4.90,876.35,31.59,4.00
2019-02-08T12:21:00Z,-5.06,875.65,31.43,4.00
2019-02-08T12:26:00Z,-5.11,875.09,31.67,4.00
2019-02-08T12:31:00Z,-5.06,874.48,31.79,4.00
2019-02-08T12:36:00Z,-5.08,874.50,31.63,4.00
2019-02-08T12:41:00Z,-5.11,874.65,31.68,4.00
2019-02-08T12:46:00Z,-5.15,874.27,31.63,4.00
2019-02-08T12:51:00Z,-5.22,873.00,31.40,4.00
2019-02-08T12:56:00Z,-5.36,871.87,31.27,4.00
2019-02-08T13:01:00Z,-5.47,871.88,31.65,4.00
2019-02-08T13:06:00Z,-5.54,871.83,31.82,4.00
2019-02-08T13:11:00Z,-5.60,872.17,31.76,4.00
2019-02-08T13:16:00Z,-5.63,873.00,31.77,4.00
2019-02-08T13:21:00Z,-5.73,872.83,31.60,4.00
2019-02-08T13:26:00Z,-5.81,872.37,31.66,4.00
2019-02-08T13:31:00Z,-6.04,871.04,31.34,4.00
2019-02-08T13:36:00Z,-6.24,871.05,31.54,4.00
2019-02-08T13:41:00Z,-6.36,871.11,31.72,4.00
2019-02-08T13:46:00Z,-6.39,871.18,31.87,4.00
2019-02-08T13:51:00Z,-6.43,871.19,31.94,4.00
2019-02-08T13:56:00Z,-6.44,871.23,31.98,4.00
2019-02-08T14:01:00Z,-6.41,871.35,32.04,4.00
2019-02-08T14:06:00Z,-6.39,871.37,31.72,4.00
2019-02-08T14:11:00Z,-6.36,871.69,31.64,4.00
2019-02-08T14:16:00Z,-6.32,872.80,31.56,4.00
2019-02-08T14:21:00Z,-6.30,874.44,31.49,4.00
2019-02-08T14:26:00Z,-6.32,877.21,31.43,4.00
2019-02-08T14:31:00Z,-6.35,879.66,31.50,4.00
2019-02-08T14:36:00Z,-6.32,879.38,31.52,4.00
2019-02-08T14:41:00Z,-6.34,878.16,31.52,4.00
2019-02-08T14:46:00Z,-6.33,877.63,31.51,4.00
2019-02-08T14:51:00Z,-6.35,876.98,31.42,4.00
2019-02-08T14:56:00Z,-6.40,876.54,31.35,4.00
2019-02-08T15:01:00Z,-6.44,876.44,31.17,4.00
2019-02-08T15:06:00Z,-6.56,876.41,31.00,4.00
2019-02-08T15:11:00Z,-6.66,876.58,31.03,4.00
2019-02-08T15:16:00Z,-6.74,876.60,30.93,4.00
2019-02-08T15:21:00Z,-7.01,876.56,30.81,4.00
2019-02-08T15:26:00Z,-7.35,876.57,30.71,4.00
2019-02-08T15:31:00Z,-7.69,876.36,30.56,4.00
2019-02-08T15:36:00Z,-8.05,876.30,30.38,4.00
2019-02-08T15:43:00Z,-8.94,876.32,29.92,3.99
2019-02-08T15:48:00Z,-9.87,876.49,29.94,3.99
2019-02-08T15:53:00Z,-10.77,876.59,30.03,3.99
2019-02-08T15:58:00Z,-11.74,876.49,30.24,3.99
2019-02-08T16:03:00Z,-12.59,876.47,30.37,3.99
2019-02-08T16:08:00Z,-12.99,876.37,30.67,3.99
2019-02-08T16:13:00Z,-13.15,876.34,30.94,3.99
2019-02-08T16:18:00Z,-13.19,876.28,30.89,3.99
2019-02-08T16:23:00Z,-13.04,876.26,30.98,3.99
2019-02-08T16:28:00Z,-12.89,876.21,31.07,3.99
2019-02-08T16:33:00Z,-12.82,876.26,30.87,3.99
2019-02-08T16:38:00Z,-13.18,876.16,30.56,3.99
2019-02-08T16:43:00Z,-13.47,876.20,30.92,3.99
2019-02-08T16:48:00Z,-13.36,876.20,30.90,3.99
2019-02-08T16:53:00Z,-13.01,876.09,31.13,3.99
2019-02-08T16:58:00Z,-12.83,876.03,30.91,3.99
2019-02-08T17:03:00Z,-12.96,875.99,30.77,3.99
2019-02-08T17:08:00Z,-13.17,875.90,30.74,3.99
2019-02-08T17:14:00Z,-13.17,875.97,30.87,3.98
2019-02-08T17:19:00Z,-13.20,875.96,30.83,3.99
2019-02-08T17:24:00Z,-13.08,875.89,30.94,3.98
2019-02-08T17:29:00Z,-12.91,875.85,30.98,3.99
2019-02-08T17:34:00Z,-12.73,875.89,30.94,3.98
2019-02-08T17:39:00Z,-12.29,875.82,31.10,3.98
2019-02-08T17:44:00Z,-12.11,875.66,31.08,3.98
2019-02-08T17:49:00Z,-12.00,875.65,31.17,3.98
2019-02-08T17:54:00Z,-11.86,875.59,31.26,3.99
2019-02-08T17:59:00Z,-11.72,875.57,31.33,3.98
2019-02-08T18:04:00Z,-11.61,875.55,31.42,3.98
2019-02-08T18:09:00Z,-11.41,875.52,31.52,3.98
2019-02-08T18:14:00Z,-11.20,875.55,31.69,3.99
2019-02-08T18:19:00Z,-10.94,875.53,31.71,3.99
2019-02-08T18:24:00Z,-10.76,875.45,31.75,3.98
2019-02-08T18:29:00Z,-10.62,875.42,31.77,3.99
2019-02-08T18:34:00Z,-10.54,875.39,31.71,3.98
2019-02-08T18:39:00Z,-10.50,875.35,31.75,3.99
2019-02-08T18:44:00Z,-10.30,875.28,31.93,3.99
2019-02-08T18:49:00Z,-9.97,875.21,32.03,3.99
2019-02-08T18:54:00Z,-9.51,875.23,32.19,3.99
2019-02-08T18:59:00Z,-9.07,875.19,32.25,3.99
2019-02-08T19:04:00Z,-8.80,875.00,32.23,3.99
2019-02-08T19:09:00Z,-8.59,874.96,32.34,3.98
2019-02-08T19:14:00Z,-8.47,874.85,32.39,3.99
2019-02-08T19:19:00Z,-8.25,874.75,32.45,3.99
2019-02-08T19:24:00Z,-8.04,874.73,32.48,3.99
2019-02-08T19:29:00Z,-7.83,874.66,32.51,3.99
2019-02-08T19:34:00Z,-7.71,874.52,32.48,3.99
2019-02-08T19:39:00Z,-7.69,874.51,32.42,3.99
2019-02-08T19:44:00Z,-7.82,874.49,32.33,3.99
2019-02-08T19:49:00Z,-8.01,874.45,32.32,3.99
2019-02-08T19:54:00Z,-8.15,874.46,32.32,3.99
2019-02-08T19:59:00Z,-8.25,874.38,32.34,3.99
2019-02-08T20:04:00Z,-8.34,874.29,32.32,3.99
2019-02-08T20:09:00Z,-8.42,874.14,32.30,3.99
2019-02-08T20:14:00Z,-8.48,874.07,32.30,3.99
2019-02-08T20:19:00Z,-8.51,874.08,32.35,3.99
2019-02-08T20:24:00Z,-8.53,873.97,32.34,3.99
2019-02-08T20:29:00Z,-8.52,873.92,32.36,3.99
2019-02-08T20:34:00Z,-8.51,873.85,32.37,3.99
2019-02-08T20:39:00Z,-8.49,873.81,32.37,3.99
2019-02-08T20:44:00Z,-8.45,873.80,32.39,3.99
2019-02-08T20:49:00Z,-8.36,873.68,32.50,3.99
2019-02-08T20:54:00Z,-8.10,873.63,32.58,3.99
2019-02-08T20:59:00Z,-7.86,873.52,32.59,3.99
2019-02-08T21:04:00Z,-7.78,873.43,32.51,3.99
2019-02-08T21:09:00Z,-7.81,873.27,32.49,3.99
2019-02-08T21:14:00Z,-7.86,873.18,32.50,3.99
2019-02-08T21:19:00Z,-7.91,873.16,32.49,3.99
2019-02-08T21:24:00Z,-7.96,873.00,32.50,3.99
2019-02-08T21:29:00Z,-8.02,872.88,32.46,3.99
2019-02-08T21:34:00Z,-8.06,872.84,32.47,3.98
2019-02-08T21:39:00Z,-8.10,872.94,32.48,3.99
2019-02-08T21:44:00Z,-8.13,872.72,32.48,3.98
2019-02-08T21:49:00Z,-8.17,872.68,32.47,3.99
2019-02-08T21:54:00Z,-8.19,872.53,32.48,3.98
2019-02-08T21:59:00Z,-8.21,872.37,32.48,3.99
2019-02-08T22:04:00Z,-8.23,872.26,32.50,3.98
2019-02-08T22:09:00Z,-8.24,872.10,32.50,3.99
2019-02-08T22:14:00Z,-8.25,872.02,32.51,3.98
2019-02-08T22:19:00Z,-8.26,871.87,32.51,3.98
2019-02-08T22:24:00Z,-8.27,871.68,32.53,3.98
2019-02-08T22:29:00Z,-8.28,871.67,32.53,3.98
2019-02-08T22:34:00Z,-8.27,871.67,32.54,3.98
2019-02-08T22:39:00Z,-8.27,871.58,32.56,3.98
2019-02-08T22:44:00Z,-8.26,871.49,32.57,3.98
2019-02-08T22:49:00Z,-8.25,871.46,32.60,3.98
2019-02-08T22:54:00Z,-8.24,871.39,32.62,3.98
2019-02-08T22:59:00Z,-8.22,871.22,32.63,3.98
2019-02-08T23:04:00Z,-8.20,871.08,32.67,3.98
2019-02-08T23:09:00Z,-8.18,871.06,32.69,3.98
2019-02-08T23:14:00Z,-8.15,870.87,32.71,3.98
2019-02-08T23:19:00Z,-8.12,870.85,32.73,3.98
2019-02-08T23:24:00Z,-8.09,870.84,32.75,3.98
2019-02-08T23:29:00Z,-8.07,870.72,32.76,3.98
2019-02-08T23:34:00Z,-8.03,870.67,32.82,3.98
2019-02-08T23:39:00Z,-7.98,870.45,32.85,3.98
2019-02-08T23:44:00Z,-7.91,870.43,32.92,3.98
2019-02-08T23:49:00Z,-7.84,870.36,32.98,3.98
2019-02-08T23:54:00Z,-7.76,870.17,33.02,3.98
2019-02-08T23:59:00Z,-7.68,870.16,33.02,3.98
2019-02-09T00:04:00Z,-7.61,870.09,33.09,3.98
2019-02-09T00:09:00Z,-7.53,870.10,33.11,3.98
2019-02-09T00:14:00Z,-7.46,870.02,33.15,3.98
2019-02-09T00:19:00Z,-7.37,869.90,33.18,3.98
2019-02-09T00:24:00Z,-7.29,869.78,33.19,3.98
2019-02-09T00:29:00Z,-7.21,869.62,33.22,3.98
2019-02-09T00:34:00Z,-7.14,869.61,33.24,3.98
2019-02-09T00:39:00Z,-7.05,869.66,33.29,3.98
2019-02-09T00:44:00Z,-6.98,869.55,33.31,3.98
2019-02-09T00:49:00Z,-6.91,869.72,33.34,3.98
2019-02-09T00:54:00Z,-6.86,869.82,33.36,3.98
2019-02-09T00:59:00Z,-6.81,869.74,33.38,3.98
2019-02-09T01:04:00Z,-6.77,869.55,33.42,3.98
2019-02-09T01:09:00Z,-6.72,869.51,33.44,3.98
2019-02-09T01:14:00Z,-6.67,869.50,33.46,3.98
2019-02-09T01:19:00Z,-6.64,869.53,33.49,3.98
2019-02-09T01:24:00Z,-6.60,869.61,33.51,3.98
2019-02-09T01:29:00Z,-6.58,869.38,33.54,3.98
2019-02-09T01:34:00Z,-6.55,869.40,33.54,3.98
2019-02-09T01:39:00Z,-6.53,869.42,33.55,3.98
2019-02-09T01:44:00Z,-6.51,869.37,33.57,3.98
2019-02-09T01:49:00Z,-6.48,869.25,33.58,3.98
2019-02-09T01:54:00Z,-6.47,869.15,33.60,3.98
2019-02-09T01:59:00Z,-6.45,869.06,33.62,3.98
2019-02-09T02:04:00Z,-6.42,869.09,33.61,3.98
2019-02-09T02:09:00Z,-6.40,869.04,33.64,3.98
2019-02-09T02:14:00Z,-6.38,869.06,33.66,3.98
2019-02-09T02:19:00Z,-6.36,869.04,33.66,3.98
2019-02-09T02:24:00Z,-6.34,868.91,33.67,3.98
2019-02-09T02:29:00Z,-6.32,868.92,33.69,3.98
2019-02-09T02:34:00Z,-6.30,868.89,33.70,3.98
2019-02-09T02:39:00Z,-6.28,868.83,33.72,3.98
2019-02-09T02:44:00Z,-6.26,868.74,33.73,3.98
2019-02-09T02:49:00Z,-6.25,868.69,33.74,3.98
2019-02-09T02:54:00Z,-6.23,868.55,33.76,3.98
2019-02-09T02:59:00Z,-6.21,868.47,33.79,3.98
2019-02-09T03:04:00Z,-6.20,868.47,33.80,3.98
2019-02-09T03:09:00Z,-6.18,868.26,33.81,3.98
2019-02-09T03:14:00Z,-6.16,868.29,33.81,3.98
2019-02-09T03:19:00Z,-6.14,868.34,33.82,3.98
2019-02-09T03:24:00Z,-6.13,868.36,33.83,3.98
2019-02-09T03:29:00Z,-6.11,868.30,33.86,3.98
2019-02-09T03:34:00Z,-6.09,868.26,33.87,3.98
2019-02-09T03:39:00Z,-6.06,868.21,33.89,3.98
2019-02-09T03:44:00Z,-6.04,868.26,33.88,3.98
2019-02-09T03:49:00Z,-6.02,868.07,33.92,3.98
2019-02-09T03:54:00Z,-6.00,868.05,33.93,3.98
2019-02-09T03:59:00Z,-5.98,868.09,33.95,3.98
2019-02-09T04:04:00Z,-5.95,868.04,33.95,3.98
2019-02-09T04:09:00Z,-5.94,867.96,33.97,3.98
2019-02-09T04:14:00Z,-5.92,867.91,33.98,3.98
2019-02-09T04:19:00Z,-5.90,867.91,34.01,3.98
2019-02-09T04:24:00Z,-5.88,867.85,34.01,3.98
2019-02-09T04:29:00Z,-5.86,867.83,34.04,3.98
2019-02-09T04:34:00Z,-5.85,867.65,34.06,3.98
2019-02-09T04:39:00Z,-5.83,867.60,34.06,3.98
2019-02-09T04:44:00Z,-5.81,867.51,34.06,3.98
2019-02-09T04:49:00Z,-5.79,867.63,34.07,3.98
2019-02-09T04:54:00Z,-5.78,867.57,34.07,3.98
2019-02-09T04:59:00Z,-5.77,867.40,34.07,3.98
2019-02-09T05:04:00Z,-5.75,867.39,34.08,3.98
2019-02-09T05:09:00Z,-5.75,867.33,34.10,3.98
2019-02-09T05:14:00Z,-5.74,867.22,34.10,3.98
2019-02-09T05:19:00Z,-5.72,867.25,34.11,3.98
2019-02-09T05:24:00Z,-5.72,867.31,34.10,3.98
2019-02-09T05:29:00Z,-5.71,867.29,34.10,3.98
2019-02-09T05:34:00Z,-5.71,867.14,34.11,3.98
2019-02-09T05:39:00Z,-5.70,867.12,34.12,3.98
2019-02-09T05:44:00Z,-5.69,867.19,34.13,3.98
2019-02-09T05:49:00Z,-5.68,867.18,34.14,3.98
2019-02-09T05:54:00Z,-5.66,867.13,34.15,3.98
2019-02-09T05:59:00Z,-5.66,867.00,34.16,3.98
2019-02-09T06:04:00Z,-5.65,867.04,34.17,3.98
2019-02-09T06:09:00Z,-5.65,867.13,34.16,3.98
2019-02-09T06:14:00Z,-5.64,867.14,34.17,3.98
2019-02-09T06:19:00Z,-5.64,867.14,34.18,3.98
2019-02-09T06:24:00Z,-5.63,866.99,34.18,3.98
2019-02-09T06:29:00Z,-5.63,866.98,34.20,3.98
2019-02-09T06:34:00Z,-5.62,867.00,34.19,3.98
2019-02-09T06:39:00Z,-5.62,866.95,34.19,3.98
2019-02-09T06:44:00Z,-5.61,866.96,34.21,3.98
2019-02-09T06:49:00Z,-5.61,866.89,34.22,3.98
2019-02-09T06:54:00Z,-5.61,866.77,34.22,3.98
2019-02-09T06:59:00Z,-5.60,866.68,34.24,3.98
2019-02-09T07:04:00Z,-5.59,866.63,34.25,3.98
2019-02-09T07:09:00Z,-5.59,866.66,34.27,3.98
2019-02-09T07:14:00Z,-5.58,866.75,34.26,3.98
2019-02-09T07:19:00Z,-5.57,866.71,34.27,3.98
2019-02-09T07:24:00Z,-5.57,866.64,34.29,3.98
2019-02-09T07:29:00Z,-5.56,866.64,34.29,3.98
2019-02-09T07:34:00Z,-5.55,866.70,34.29,3.98
2019-02-09T07:39:00Z,-5.54,866.62,34.32,3.98
2019-02-09T07:44:00Z,-5.53,866.63,34.32,3.98
2019-02-09T07:49:00Z,-5.51,866.58,34.35,3.98
2019-02-09T07:54:00Z,-4.99,866.47,34.61,3.98
2019-02-09T07:59:00Z,-4.68,866.46,34.60,3.98
2019-02-09T08:04:00Z,-4.50,866.54,34.57,3.98
2019-02-09T08:09:00Z,-4.40,866.52,34.58,3.98
2019-02-09T08:14:00Z,-4.31,866.48,34.60,3.98
2019-02-09T08:19:00Z,-4.19,866.56,34.61,3.98
2019-02-09T08:24:00Z,-4.10,866.47,34.58,3.98
2019-02-09T08:29:00Z,-4.04,866.39,34.59,3.98
2019-02-09T08:34:00Z,-3.99,866.40,34.60,3.98
2019-02-09T08:39:00Z,-3.94,866.45,34.63,3.98
2019-02-09T08:44:00Z,-3.88,866.44,34.68,3.98
2019-02-09T08:49:00Z,-3.80,866.47,34.71,3.98
2019-02-09T08:54:00Z,-3.73,866.46,34.75,3.98
2019-02-09T08:59:00Z,-3.60,866.40,34.87,3.98
2019-02-09T09:04:00Z,-3.45,866.48,34.91,3.98
2019-02-09T09:09:00Z,-3.33,866.32,34.94,3.98
2019-02-09T09:14:00Z,-3.21,866.32,34.96,3.98
2019-02-09T09:19:00Z,-3.08,866.42,34.98,3.98
2019-02-09T09:24:00Z,-2.98,866.34,34.96,3.98
2019-02-09T09:29:00Z,-2.91,866.38,34.97,3.98
2019-02-09T09:34:00Z,-2.84,866.34,34.98,3.98
2019-02-09T09:39:00Z,-2.75,866.28,35.03,3.98
2019-02-09T09:44:00Z,-2.64,866.36,35.05,3.98
2019-02-09T09:49:00Z,-2.52,866.37,35.12,3.98
2019-02-09T09:54:00Z,-2.37,866.32,35.17,3.98
2019-02-09T09:59:00Z,-2.26,866.32,35.18,3.98
2019-02-09T10:04:00Z,-2.16,866.44,35.19,3.98
2019-02-09T10:09:00Z,-2.10,866.55,35.19,3.98
2019-02-09T10:14:00Z,-2.05,866.74,35.22,3.98
2019-02-09T10:19:00Z,-1.93,868.15,35.37,3.98
2019-02-09T10:24:00Z,-1.78,870.88,35.41,3.98
2019-02-09T10:29:00Z,-1.72,873.03,35.40,3.98
2019-02-09T10:34:00Z,-1.72,872.62,35.38,3.98
2019-02-09T10:39:00Z,-1.73,871.63,35.42,3.98
2019-02-09T10:44:00Z,-1.68,871.16,35.54,3.98
2019-02-09T10:49:00Z,-1.61,872.23,35.58,3.98
2019-02-09T10:54:00Z,-1.51,873.25,35.65,3.98
2019-02-09T10:59:00Z,-1.42,874.37,35.74,3.98
2019-02-09T11:04:00Z,-1.30,878.37,35.84,3.98
2019-02-09T11:09:00Z,-1.18,878.44,35.85,3.98
2019-02-09T11:14:00Z,-1.05,878.41,35.77,3.98
2019-02-09T11:19:00Z,-0.58,878.34,36.33,3.98
